id,article_id,profile_id
1,1,2
2,2,38
4,4,14
5,5,20
6,6,6
7,7,27
8,8,20
9,9,28
10,10,24
11,11,158
12,12,153
13,13,151
14,14,114
15,15,27
16,16,18
17,17,30
18,18,17
19,19,21
20,20,32
21,21,33
22,22,34
23,23,29
24,24,35
25,25,36
26,26,23
27,27,36
28,28,33
29,29,9
30,29,8
31,30,159
32,31,39
33,32,159
34,33,4
35,34,9
36,34,8
37,35,27
38,36,48
39,37,158
40,38,27
41,39,37
42,40,34
43,41,36
44,42,42
45,43,33
46,44,151
47,45,20
48,46,21
49,47,21
50,48,40
51,49,21
52,50,28
53,51,41
54,52,38
55,53,22
56,54,25
57,55,45
58,56,46
59,57,47
60,58,49
61,59,34
62,60,39
63,61,20
64,62,27
65,63,20
66,64,18
67,65,114
68,66,153
69,67,9
70,67,8
71,68,55
72,69,23
73,70,56
74,71,22
75,72,22
76,73,53
77,74,38
78,75,52
79,76,37
80,77,2
81,78,4
82,79,44
83,80,32
84,81,159
85,82,149
86,83,36
87,84,36
88,85,34
89,86,158
90,87,31
91,88,151
92,89,34
93,90,42
94,91,57
95,92,25
96,93,39
97,94,35
98,95,18
99,96,27
100,97,9
101,97,8
102,98,114
103,99,153
104,100,12
105,101,96
106,102,158
107,103,37
108,104,42
109,105,36
110,106,31
111,107,27
112,108,151
113,109,34
114,110,33
115,111,20
116,112,21
117,113,21
118,114,26
119,115,23
120,116,58
121,117,22
122,118,38
123,119,25
124,120,151
125,121,35
126,122,6
127,123,7
128,124,10
129,125,3
130,126,34
131,127,159
132,128,39
133,129,158
134,130,32
135,131,34
136,132,7
137,133,39
138,134,37
139,135,36
140,136,42
141,137,36
142,138,159
143,139,34
144,140,33
145,141,33
146,142,149
147,143,20
148,144,21
149,145,60
150,146,22
151,147,18
152,148,95
153,149,61
154,149,49
155,150,153
156,151,114
157,152,5
158,153,35
159,154,33
160,155,20
161,156,151
162,157,63
163,157,62
164,158,157
165,159,151
166,160,66
167,161,153
168,162,153
169,163,101
170,164,75
171,165,70
172,166,77
173,167,67
174,168,68
175,169,74
176,170,79
177,171,68
178,172,67
179,173,81
180,174,85
181,175,84
182,176,86
183,177,88
184,178,89
185,179,154
186,180,90
187,181,91
188,182,92
189,183,93
190,184,94
191,185,2
192,186,76
193,187,7
194,188,100
195,189,97
196,190,98
197,191,153
198,192,105
199,193,72
200,193,76
201,194,80
202,195,103
203,196,157
204,197,104
205,198,39
206,199,76
207,200,76
208,201,71
209,202,71
210,203,27
211,204,67
212,205,67
213,206,47
214,207,47
215,208,72
216,209,70
217,210,70
218,211,68
219,212,68
220,213,148
221,214,106
222,215,101
223,216,80
224,217,78
225,218,105
226,219,87
227,220,107
228,221,104
229,222,108
230,223,90
231,224,154
232,225,79
233,226,109
234,227,66
235,228,89
236,229,92
237,230,85
238,231,110
239,232,81
240,233,2
241,234,31
242,235,98
243,236,111
244,237,112
245,238,67
246,239,66
247,240,27
248,241,115
249,242,48
250,243,103
251,244,157
252,245,81
253,246,65
254,247,39
255,248,90
256,249,89
257,250,79
258,251,154
259,252,66
260,253,97
261,254,77
262,255,148
263,256,80
264,257,78
265,258,105
266,259,104
267,260,88
268,261,103
269,262,68
270,263,68
271,264,70
272,265,67
273,266,69
274,267,27
275,268,76
276,269,85
277,270,92
278,271,157
279,272,81
280,273,110
281,274,66
282,275,116
283,276,151
284,277,114
285,278,6
286,279,117
287,280,48
288,281,65
289,282,7
290,283,81
291,284,39
292,285,154
293,286,90
294,287,91
295,288,101
296,289,80
297,290,104
298,291,103
299,292,106
300,293,148
301,294,105
302,295,108
303,296,93
304,297,79
305,298,81
306,299,109
307,300,85
308,301,27
309,302,67
310,303,67
311,304,76
312,305,114
313,306,68
314,307,70
315,308,71
316,309,47
317,310,69
318,311,7
319,312,157
320,313,118
321,314,119
322,315,64
323,316,121
324,317,122
325,318,8
326,319,120
327,320,81
328,321,123
329,322,39
330,323,67
331,324,67
332,325,70
333,326,70
334,327,48
335,328,114
336,329,71
337,330,71
338,331,79
339,332,66
340,333,66
341,334,91
342,335,89
343,336,92
344,337,109
345,338,154
346,339,101
347,340,112
348,341,124
349,342,84
350,343,94
351,344,104
352,345,148
353,346,80
354,347,77
355,348,88
356,349,121
357,350,125
358,351,110
359,352,157
360,353,81
361,354,97
362,355,2
363,356,72
364,357,89
365,358,81
366,359,70
367,360,27
368,361,126
369,361,27
370,362,47
371,363,127
372,364,65
373,365,103
374,366,68
375,367,131
376,368,39
377,369,48
378,370,70
379,371,76
380,372,27
381,373,67
382,374,148
383,375,106
384,376,105
385,377,108
386,378,101
387,379,41
388,380,157
389,381,81
390,382,66
391,383,85
392,384,79
393,385,110
394,386,153
395,387,154
396,388,103
397,389,154
398,390,122
399,391,130
400,392,88
401,393,134
402,394,135
403,395,147
404,396,39
405,397,154
406,398,2
407,399,7
408,400,65
409,401,47
410,402,12
411,403,48
412,404,71
413,405,114
414,406,68
415,407,70
416,408,67
417,409,76
418,410,153
419,411,67
420,412,71
421,413,65
422,414,91
423,415,79
424,416,109
425,417,93
426,418,110
427,419,92
428,420,89
429,421,85
430,422,157
431,423,172
432,424,66
433,425,81
434,426,148
435,427,80
436,428,87
437,429,101
438,430,104
439,431,84
440,432,105
441,433,77
442,434,112
443,435,121
444,436,90
445,437,103
446,438,132
447,439,110
448,440,97
449,441,47
450,442,86
451,443,136
452,444,81
453,445,39
454,446,67
455,447,48
456,448,67
457,449,114
458,450,27
459,451,137
460,452,71
461,453,71
462,454,70
463,455,68
464,456,68
465,457,76
466,458,76
467,459,90
468,460,154
469,461,91
470,462,93
471,463,92
472,464,79
473,465,110
474,466,85
475,467,89
476,468,66
477,469,81
478,470,4
479,471,2
480,472,6
481,473,105
482,474,108
483,475,106
484,476,80
485,477,104
486,478,88
487,479,101
488,480,87
489,481,103
490,482,157
491,483,47
492,484,135
493,485,94
494,486,81
495,487,172
496,488,39
497,489,138
498,490,79
499,491,90
500,492,91
501,493,71
502,494,68
503,495,114
504,496,48
505,497,70
506,498,47
507,499,89
508,500,154
509,501,85
510,502,92
511,503,110
512,504,66
513,505,172
514,506,81
515,507,110
516,508,157
517,509,105
518,510,112
519,511,111
520,512,7
521,513,70
522,514,101
523,515,77
524,516,121
525,517,41
526,518,87
527,519,104
528,520,84
529,521,65
530,522,80
531,523,141
532,524,148
533,525,67
534,526,45
535,527,103
536,528,137
537,529,81
538,530,39
539,531,109
540,532,104
541,533,148
542,534,105
543,535,112
544,536,106
545,537,80
546,538,87
547,539,84
548,540,108
549,541,88
550,542,91
551,543,90
552,544,154
553,545,85
554,546,157
555,547,159
556,548,90
557,549,66
558,550,151
559,551,68
560,552,48
561,553,71
562,554,70
563,555,27
564,556,47
565,557,67
566,558,103
567,559,142
568,560,143
569,561,65
570,562,144
571,563,45
572,564,155
573,565,6
574,566,35
575,567,27
576,568,39
577,569,92
578,570,81
579,571,79
580,572,85
581,573,157
582,574,110
583,575,93
584,576,90
585,577,76
586,578,48
587,579,114
588,580,27
589,581,47
590,582,68
591,583,67
592,584,137
593,585,89
594,586,66
595,587,77
596,588,104
597,589,94
598,590,86
599,591,101
600,592,80
601,593,65
602,594,105
603,595,106
604,596,103
605,597,112
606,598,109
607,599,6
608,600,2
609,601,146
610,602,161
611,603,145
612,603,120
613,604,172
614,604,81
615,605,65
616,606,148
617,607,31
618,608,81
619,609,164
620,610,166
621,611,39
622,612,312
623,612,85
624,613,157
625,614,164
626,615,44
627,616,167
628,616,168
629,617,111
630,617,171
631,617,169
632,617,170
633,618,172
634,619,173
635,620,174
636,621,175
637,622,176
638,623,174
639,624,174
640,625,175
641,626,177
642,627,178
643,628,179
644,629,180
645,630,181
646,631,182
647,632,183
648,633,184
649,634,173
650,635,185
651,636,186
652,637,187
653,638,188
654,639,173
655,640,185
656,641,189
657,642,174
658,643,174
659,644,187
660,645,190
661,646,191
662,647,192
663,648,193
664,649,194
665,650,195
666,651,195
667,652,193
668,653,175
669,654,175
670,655,175
671,656,175
672,657,175
673,658,176
674,659,176
675,660,197
676,661,198
677,662,188
678,663,199
679,664,175
680,665,200
681,666,176
682,667,201
683,668,176
684,669,176
685,670,202
686,671,174
687,672,203
688,673,204
689,674,173
690,675,186
691,676,205
692,677,174
693,678,173
694,679,188
695,680,187
696,681,192
697,682,206
698,683,207
699,684,208
700,685,209
701,686,175
702,687,175
703,688,175
704,689,175
705,690,175
706,691,210
707,692,193
708,693,191
709,694,178
710,695,211
711,696,212
712,697,213
713,698,212
714,699,175
715,700,181
716,701,214
717,702,182
718,703,211
719,704,199
720,705,197
721,706,215
722,707,208
723,708,178
724,709,195
725,710,177
726,711,175
727,712,190
728,713,193
729,714,194
730,715,181
731,716,209
732,717,213
733,718,191
734,719,192
735,720,175
736,721,175
737,722,182
738,723,175
739,724,175
740,725,175
741,726,179
742,727,216
743,728,212
744,729,199
745,730,209
746,731,187
747,732,217
748,733,176
749,734,187
750,735,218
751,736,173
752,737,188
753,738,187
754,739,206
755,740,185
756,741,189
757,742,173
758,743,174
759,744,188
760,745,209
761,746,195
762,747,205
763,748,205
764,749,218
765,750,219
766,751,186
767,752,205
768,753,204
769,754,174
770,755,174
771,756,178
772,757,220
773,758,181
774,759,221
775,760,222
776,761,180
777,762,177
778,763,213
779,764,208
780,765,193
781,766,175
782,767,175
783,768,175
784,769,223
785,770,175
786,771,175
787,772,175
788,773,175
789,774,175
790,775,175
791,776,195
792,777,193
793,778,209
794,779,192
795,780,190
796,781,191
797,782,176
798,783,197
799,784,176
800,785,224
801,786,225
802,787,226
803,788,227
804,789,201
805,790,228
806,791,229
807,792,208
808,793,230
809,794,231
810,795,232
811,796,233
812,797,234
813,798,235
814,799,175
815,800,236
816,801,237
817,802,238
818,803,239
819,804,232
820,805,240
821,806,241
822,807,242
823,808,243
824,809,244
825,810,245
826,811,209
827,812,209
828,813,246
829,814,200
830,815,247
831,816,208
832,817,200
833,818,204
834,819,239
835,820,248
836,821,216
837,822,249
838,823,197
839,824,250
840,825,251
841,826,252
842,827,253
843,828,254
844,829,255
845,830,176
846,831,256
847,832,257
848,833,257
849,834,250
850,835,258
851,836,259
852,837,243
853,838,205
854,839,240
855,840,236
856,841,180
857,842,235
858,843,209
859,844,260
860,845,180
861,846,223
862,847,261
863,848,205
864,849,262
865,850,240
866,851,257
867,852,263
868,853,264
869,854,247
870,855,175
871,856,248
872,857,265
873,858,266
874,859,197
875,860,227
876,861,176
877,862,175
878,863,176
879,864,253
880,865,175
881,866,232
882,867,252
883,868,242
884,869,209
885,870,175
886,871,241
887,872,251
888,873,267
889,874,205
890,875,238
891,876,250
892,877,252
893,878,175
894,879,175
895,880,175
896,881,175
897,882,209
898,883,242
899,884,241
900,885,253
901,886,268
902,887,258
903,888,180
904,889,237
905,890,261
906,891,236
907,892,223
908,893,197
909,894,200
910,895,227
911,896,255
912,897,176
913,898,176
914,899,216
915,900,175
916,901,175
917,902,175
918,903,233
919,904,261
920,905,235
921,906,269
922,907,270
923,908,234
924,909,271
925,910,204
926,911,204
927,912,251
928,913,175
929,914,244
930,915,246
931,916,248
932,917,238
933,918,244
934,919,258
935,920,258
936,921,261
937,922,232
938,923,234
939,924,223
940,925,218
941,926,263
942,927,244
943,928,271
944,929,263
945,930,236
946,931,235
947,932,264
948,933,272
949,934,233
950,935,273
951,936,244
952,937,251
953,938,274
954,939,204
955,940,247
956,941,272
957,942,205
958,943,197
959,944,255
960,945,266
961,946,275
962,947,276
963,948,176
964,949,277
965,950,252
966,951,208
967,952,241
968,953,242
969,954,209
970,955,253
971,956,241
972,957,218
973,958,247
974,959,247
975,960,271
976,961,236
977,962,223
978,963,235
979,964,247
980,965,204
981,966,239
982,967,251
983,968,248
984,969,205
985,970,248
986,971,244
987,972,270
988,973,175
989,974,234
990,975,180
991,976,264
992,977,253
993,978,242
994,979,261
995,980,241
996,981,209
997,982,208
998,983,175
999,984,255
1000,985,197
1001,986,216
1002,987,425
1003,987,424
1004,988,208
1005,989,204
1006,990,280
1007,991,236
1008,992,248
1009,993,247
1010,994,212
1011,995,204
1012,996,263
1013,997,258
1014,998,240
1015,999,251
1016,1000,205
1017,1001,243
1018,1002,239
1019,1003,244
1020,1004,244
1021,1005,212
1022,1006,235
1023,1007,264
1024,1008,234
1025,1009,223
1026,1010,253
1027,1011,426
1028,1012,175
1029,1013,271
1030,1014,281
1031,1015,253
1032,1016,280
1033,1017,209
1034,1018,241
1035,1019,242
1036,1020,253
1037,1021,197
1038,1022,255
1039,1023,282
1040,1024,176
1041,1025,250
1042,1026,247
1043,1027,246
1044,1028,244
1045,1029,204
1046,1030,218
1047,1031,244
1048,1032,251
1049,1033,247
1050,1034,243
1051,1035,263
1052,1036,204
1053,1037,240
1054,1038,240
1055,1039,239
1056,1040,235
1057,1041,230
1058,1042,284
1059,1043,264
1060,1044,223
1061,1045,175
1062,1046,232
1063,1047,262
1064,1048,426
1065,1049,234
1066,1050,233
1067,1051,285
1068,1052,286
1069,1053,266
1070,1054,287
1071,1055,255
1072,1056,176
1073,1057,176
1074,1058,242
1075,1059,281
1076,1060,253
1077,1061,209
1078,1062,241
1079,1063,208
1080,1064,204
1081,1065,250
1082,1066,288
1083,1067,288
1084,1068,243
1085,1069,243
1086,1070,218
1087,1071,240
1088,1072,240
1089,1073,246
1090,1074,247
1091,1075,263
1092,1076,289
1093,1077,236
1094,1078,223
1095,1079,264
1096,1080,175
1097,1081,244
1098,1082,234
1099,1083,259
1100,1084,235
1101,1085,233
1102,1086,271
1103,1087,244
1104,1088,251
1105,1089,223
1106,1090,253
1107,1091,281
1108,1092,280
1109,1093,290
1110,1094,242
1111,1095,241
1112,1096,313
1113,1097,209
1114,1098,197
1115,1099,209
1116,1100,266
1117,1101,255
1118,1102,176
1119,1103,204
1120,1104,239
1121,1105,247
1122,1106,180
1123,1107,204
1124,1108,240
1125,1109,244
1126,1110,246
1127,1111,251
1128,1112,291
1129,1113,212
1130,1114,175
1131,1115,427
1132,1116,223
1133,1117,223
1134,1118,261
1135,1119,232
1136,1120,271
1137,1121,231
1138,1122,292
1139,1123,274
1140,1124,236
1141,1125,291
1142,1126,250
1143,1127,247
1144,1128,253
1145,1129,209
1146,1130,280
1147,1131,242
1148,1132,241
1149,1133,281
1150,1134,255
1151,1135,216
1152,1136,286
1153,1137,293
1154,1138,285
1155,1139,176
1156,1140,240
1157,1141,263
1158,1142,246
1159,1143,248
1160,1144,294
1161,1145,204
1162,1146,273
1163,1147,247
1164,1148,244
1165,1149,223
1166,1150,236
1167,1151,233
1168,1152,180
1169,1153,292
1170,1154,271
1171,1155,295
1172,1156,264
1173,1157,232
1174,1158,175
1175,1159,270
1176,1160,261
1177,1161,261
1178,1162,234
1179,1163,262
1180,1164,296
1181,1165,253
1182,1166,209
1183,1167,281
1184,1168,280
1185,1169,241
1186,1170,208
1187,1171,252
1188,1172,176
1189,1173,176
1190,1174,197
1191,1175,287
1192,1176,209
1193,1177,216
1194,1178,255
1195,1179,266
1196,1180,288
1197,1181,288
1198,1182,297
1199,1183,173
1200,1184,298
1201,1185,428
1202,1186,299
1203,1187,439
1204,1188,311
1205,1189,280
1206,1190,241
1207,1191,300
1208,1192,292
1209,1193,234
1210,1194,301
1211,1195,216
1212,1196,270
1213,1197,302
1214,1198,303
1215,1199,304
1216,1200,211
1217,1201,305
1218,1202,173
1219,1203,306
1220,1204,307
1221,1205,529
1222,1206,308
1223,1207,255
1224,1208,309
1225,1209,197
1226,1210,240
1227,1211,176
1228,1212,310
1229,1213,205
1230,1214,297
1231,1215,301
1232,1216,291
1233,1217,314
1234,1218,315
1235,1219,273
1236,1220,175
1237,1221,211
1238,1222,305
1239,1223,301
1240,1224,236
1241,1225,316
1242,1226,310
1243,1227,317
1244,1228,304
1245,1229,234
1246,1230,297
1247,1231,176
1248,1232,266
1249,1233,255
1250,1234,293
1251,1235,197
1252,1236,318
1253,1237,176
1254,1238,297
1255,1239,258
1256,1240,258
1257,1241,205
1258,1242,173
1259,1243,181
1260,1244,301
1261,1245,529
1262,1246,204
1263,1247,319
1264,1248,300
1265,1249,320
1266,1250,321
1267,1251,281
1268,1252,322
1269,1253,252
1270,1254,280
1271,1255,281
1272,1256,280
1273,1257,316
1274,1258,270
1275,1259,272
1276,1260,205
1277,1261,297
1278,1262,231
1279,1263,297
1280,1264,304
1281,1265,234
1282,1266,280
1283,1267,300
1284,1268,320
1285,1269,281
1286,1270,252
1287,1271,323
1288,1272,173
1289,1273,324
1290,1274,204
1291,1275,181
1292,1276,319
1293,1277,307
1294,1278,173
1295,1279,204
1296,1280,205
1297,1281,325
1298,1282,326
1299,1283,173
1300,1284,439
1301,1285,327
1302,1286,293
1303,1287,293
1304,1288,298
1305,1289,216
1306,1290,299
1307,1291,328
1308,1292,176
1309,1293,208
1310,1294,280
1311,1295,288
1312,1296,319
1313,1297,319
1314,1298,329
1315,1299,173
1316,1300,315
1317,1301,297
1318,1302,181
1319,1303,239
1320,1304,240
1321,1305,307
1322,1306,439
1323,1307,181
1324,1308,309
1325,1309,298
1326,1310,266
1327,1311,330
1328,1312,197
1329,1313,299
1330,1314,293
1331,1315,176
1332,1316,234
1333,1317,310
1334,1318,295
1335,1319,236
1336,1320,317
1337,1321,317
1338,1322,180
1339,1323,270
1340,1324,329
1341,1325,233
1342,1326,280
1343,1327,300
1344,1328,321
1345,1329,331
1346,1330,281
1347,1331,252
1348,1332,288
1349,1333,176
1350,1334,329
1351,1335,272
1352,1336,316
1353,1337,212
1354,1338,234
1355,1339,329
1356,1340,304
1357,1341,231
1358,1342,208
1359,1343,332
1360,1344,281
1361,1345,320
1362,1346,300
1363,1347,280
1364,1348,176
1365,1349,291
1366,1350,301
1367,1351,173
1368,1352,319
1369,1353,297
1370,1354,239
1371,1355,173
1372,1356,181
1373,1357,289
1374,1358,319
1375,1359,204
1376,1360,239
1377,1361,310
1378,1362,181
1379,1363,273
1380,1364,293
1381,1365,299
1382,1366,175
1383,1367,305
1384,1368,216
1385,1369,175
1386,1370,333
1387,1371,176
1388,1372,176
1389,1373,305
1390,1374,234
1391,1375,316
1392,1376,236
1393,1377,329
1394,1378,300
1395,1379,208
1396,1380,334
1397,1381,280
1398,1382,281
1399,1383,252
1400,1384,335
1401,1385,173
1402,1386,291
1403,1387,336
1404,1388,337
1405,1389,338
1406,1390,310
1407,1391,239
1408,1392,239
1409,1393,339
1410,1394,176
1411,1395,297
1412,1396,305
1413,1397,272
1414,1398,329
1415,1399,236
1416,1400,317
1417,1401,301
1418,1402,280
1419,1403,281
1420,1404,300
1421,1405,321
1422,1406,322
1423,1407,320
1424,1408,252
1425,1409,173
1426,1410,204
1427,1411,340
1428,1412,173
1429,1413,181
1430,1414,310
1431,1415,205
1432,1416,319
1433,1417,307
1434,1418,319
1435,1419,255
1436,1420,266
1437,1421,298
1438,1422,299
1439,1423,341
1440,1424,342
1441,1425,343
1442,1426,344
1443,1427,529
1444,1428,204
1445,1429,234
1446,1430,529
1447,1431,173
1448,1432,227
1449,1433,239
1450,1434,297
1451,1435,181
1452,1436,181
1453,1437,345
1454,1438,273
1455,1439,204
1456,1440,181
1457,1441,216
1458,1442,230
1459,1443,236
1460,1444,346
1461,1445,175
1462,1446,175
1463,1447,300
1464,1448,347
1465,1449,348
1466,1450,349
1467,1451,255
1468,1452,350
1469,1453,299
1470,1454,351
1471,1455,176
1472,1456,176
1473,1457,352
1474,1458,429
1475,1458,430
1476,1459,299
1477,1460,197
1478,1461,176
1479,1462,329
1480,1463,305
1481,1464,316
1482,1465,301
1483,1466,234
1484,1467,270
1485,1468,316
1486,1469,204
1487,1470,173
1488,1471,310
1489,1472,307
1490,1473,181
1491,1474,353
1492,1475,529
1493,1476,273
1494,1477,297
1495,1478,529
1496,1479,173
1497,1480,340
1498,1481,321
1499,1482,300
1500,1483,335
1501,1484,322
1502,1485,320
1503,1486,529
1504,1487,273
1505,1488,181
1506,1489,529
1507,1490,204
1508,1491,307
1509,1492,204
1510,1493,273
1511,1494,173
1512,1495,239
1513,1496,204
1514,1497,354
1515,1498,227
1516,1499,355
1517,1500,197
1518,1501,227
1519,1502,299
1520,1503,176
1521,1504,329
1522,1505,234
1523,1506,301
1524,1507,223
1525,1508,236
1526,1509,316
1527,1510,304
1528,1511,232
1529,1512,329
1530,1513,335
1531,1514,300
1532,1515,348
1533,1516,208
1534,1517,280
1535,1518,281
1536,1519,311
1537,1520,206
1538,1521,356
1539,1522,297
1540,1523,357
1541,1524,358
1542,1525,359
1543,1526,289
1544,1527,529
1545,1528,204
1546,1529,206
1547,1530,234
1548,1531,297
1549,1532,360
1550,1533,223
1551,1534,329
1552,1535,361
1553,1536,362
1554,1537,180
1555,1538,176
1556,1539,299
1557,1540,197
1558,1541,363
1559,1542,293
1560,1543,364
1561,1544,365
1562,1545,366
1563,1546,209
1564,1547,313
1565,1548,367
1566,1549,349
1567,1550,252
1568,1551,368
1569,1552,300
1570,1553,272
1571,1554,204
1572,1555,273
1573,1556,206
1574,1557,369
1575,1558,307
1576,1559,173
1577,1560,180
1578,1561,176
1579,1562,370
1580,1563,371
1581,1564,234
1582,1565,299
1583,1566,372
1584,1567,211
1585,1568,363
1586,1569,197
1587,1570,329
1588,1571,297
1589,1572,373
1590,1573,231
1591,1574,374
1592,1575,223
1593,1576,252
1594,1577,313
1595,1578,375
1596,1579,209
1597,1580,376
1598,1581,439
1599,1582,377
1600,1583,239
1601,1584,206
1602,1585,378
1603,1586,439
1604,1587,358
1605,1588,379
1606,1589,380
1607,1590,234
1608,1591,180
1609,1592,223
1610,1593,297
1611,1594,181
1612,1595,607
1613,1596,329
1614,1597,317
1615,1598,235
1616,1599,381
1617,1600,382
1618,1601,363
1619,1602,380
1620,1603,463
1621,1604,370
1622,1605,206
1623,1606,369
1624,1607,176
1625,1608,529
1626,1609,374
1627,1610,329
1628,1611,363
1629,1612,197
1630,1613,300
1631,1614,375
1632,1615,209
1633,1616,380
1634,1617,307
1635,1618,236
1636,1619,463
1637,1620,234
1638,1621,234
1639,1622,297
1640,1623,317
1641,1624,223
1642,1625,383
1643,1626,180
1644,1627,235
1645,1628,370
1646,1629,381
1647,1630,352
1648,1631,299
1649,1632,317
1650,1633,529
1651,1634,369
1652,1635,384
1653,1636,529
1654,1637,529
1655,1638,297
1656,1639,329
1657,1640,297
1658,1641,234
1659,1642,223
1660,1643,372
1661,1644,385
1662,1645,363
1663,1646,299
1664,1647,370
1665,1648,363
1666,1649,366
1667,1650,181
1668,1651,239
1669,1652,173
1670,1653,529
1671,1654,297
1672,1655,529
1673,1656,384
1674,1657,173
1675,1658,204
1676,1659,329
1677,1660,386
1678,1661,300
1679,1662,234
1680,1663,209
1681,1664,370
1682,1665,180
1683,1666,387
1684,1667,173
1685,1668,281
1686,1669,223
1687,1670,231
1688,1671,360
1689,1672,374
1690,1673,372
1691,1674,370
1692,1675,370
1693,1676,197
1694,1677,363
1695,1678,287
1696,1679,176
1697,1680,388
1698,1681,209
1699,1682,529
1700,1683,380
1701,1684,287
1702,1685,189
1703,1686,378
1704,1687,204
1705,1688,206
1706,1689,273
1707,1690,529
1708,1691,181
1709,1692,313
1710,1693,209
1711,1694,329
1712,1695,389
1713,1696,297
1714,1697,223
1715,1698,180
1716,1699,329
1717,1700,211
1718,1701,231
1719,1702,390
1720,1703,176
1721,1704,463
1722,1705,363
1723,1706,197
1724,1707,607
1725,1708,297
1726,1709,234
1727,1710,181
1728,1711,223
1729,1712,391
1730,1713,374
1731,1714,180
1732,1715,329
1733,1716,329
1734,1717,390
1735,1718,389
1736,1719,209
1737,1720,209
1738,1721,239
1739,1722,206
1740,1723,291
1741,1724,375
1742,1725,378
1743,1726,380
1744,1727,307
1745,1728,375
1746,1729,380
1747,1730,204
1748,1731,175
1749,1732,384
1750,1733,529
1751,1734,299
1752,1735,392
1753,1736,363
1754,1737,372
1755,1738,175
1756,1739,175
1757,1740,313
1758,1741,234
1759,1742,223
1760,1743,329
1761,1744,239
1762,1745,181
1763,1746,384
1764,1747,204
1765,1748,529
1766,1749,239
1767,1750,375
1768,1751,390
1769,1752,368
1770,1753,389
1771,1754,366
1772,1755,209
1773,1756,349
1774,1757,297
1775,1758,211
1776,1759,180
1777,1760,299
1778,1761,372
1779,1762,370
1780,1763,197
1781,1764,218
1782,1765,176
1783,1766,383
1784,1767,529
1785,1768,529
1786,1769,239
1787,1770,307
1788,1771,375
1789,1772,204
1790,1773,375
1791,1774,380
1792,1775,378
1793,1776,384
1794,1777,231
1795,1778,375
1796,1779,287
1797,1780,363
1798,1781,197
1799,1782,370
1800,1783,372
1801,1784,180
1802,1785,234
1803,1786,223
1804,1787,329
1805,1788,297
1806,1789,329
1807,1790,287
1808,1791,209
1809,1792,390
1810,1793,393
1811,1794,394
1812,1795,395
1813,1796,349
1814,1797,313
1815,1798,268
1816,1799,383
1817,1800,391
1818,1801,396
1819,1802,223
1820,1803,211
1821,1804,329
1822,1805,297
1823,1806,329
1824,1807,397
1825,1808,398
1826,1809,199
1827,1810,529
1828,1811,197
1829,1812,395
1830,1813,399
1831,1814,209
1832,1815,281
1833,1816,400
1834,1817,401
1835,1818,375
1836,1819,239
1837,1820,402
1838,1821,173
1839,1822,403
1840,1823,404
1841,1824,218
1842,1825,402
1843,1826,173
1844,1827,173
1845,1828,206
1846,1829,218
1847,1830,399
1848,1831,281
1849,1832,375
1850,1833,405
1851,1834,406
1852,1835,352
1853,1836,268
1854,1837,197
1855,1838,463
1856,1839,181
1857,1840,176
1858,1841,383
1859,1842,391
1860,1843,396
1861,1844,223
1862,1845,329
1863,1846,407
1864,1847,329
1865,1848,408
1866,1849,361
1867,1850,375
1868,1851,402
1869,1852,173
1870,1853,369
1871,1854,403
1872,1855,204
1873,1856,239
1874,1857,402
1875,1858,404
1876,1859,384
1877,1860,173
1878,1861,405
1879,1862,410
1880,1863,375
1881,1864,405
1882,1865,411
1883,1866,395
1884,1867,209
1885,1868,219
1886,1869,370
1887,1870,209
1888,1871,412
1889,1872,197
1890,1873,176
1891,1874,329
1892,1875,413
1893,1876,383
1894,1877,383
1895,1878,391
1896,1879,223
1897,1880,396
1898,1881,231
1899,1882,329
1900,1883,297
1901,1884,408
1902,1885,401
1903,1886,273
1904,1887,273
1905,1888,239
1906,1889,403
1907,1890,402
1908,1891,173
1909,1892,173
1910,1893,375
1911,1894,239
1912,1895,402
1913,1896,384
1914,1897,402
1915,1898,404
1916,1899,375
1917,1900,375
1918,1901,403
1919,1902,175
1920,1903,402
1921,1904,173
1922,1905,369
1923,1906,239
1924,1907,414
1925,1908,384
1926,1909,176
1927,1910,199
1928,1911,199
1929,1912,415
1930,1913,412
1931,1914,197
1932,1915,408
1933,1916,329
1934,1917,383
1935,1918,416
1936,1919,391
1937,1920,396
1938,1921,223
1939,1922,383
1940,1923,417
1941,1924,386
1942,1925,329
1943,1926,411
1944,1927,418
1945,1928,209
1946,1929,419
1947,1930,395
1948,1931,300
1949,1932,405
1950,1933,239
1951,1934,361
1952,1935,420
1953,1936,402
1954,1937,403
1955,1938,404
1956,1939,173
1957,1940,239
1958,1941,384
1959,1942,384
1960,1943,273
1961,1944,329
1962,1945,383
1963,1946,396
1964,1947,223
1965,1948,211
1966,1949,421
1967,1950,386
1968,1951,383
1969,1952,329
1970,1953,329
1971,1954,405
1972,1955,399
1973,1956,300
1974,1957,395
1975,1958,375
1976,1959,431
1977,1959,432
1978,1960,411
1979,1961,405
1980,1962,431
1981,1962,432
1982,1963,412
1983,1964,422
1984,1965,363
1985,1966,433
1986,1966,434
1987,1967,268
1988,1968,423
1989,1969,176
1990,1970,273
1991,1971,105
1992,1972,435
1993,1973,88
1994,1974,106
1995,1975,436
1996,1976,437
1997,1977,80
1998,1978,86
1999,1979,103
2000,1980,405
2001,1981,67
2002,1982,114
2003,1983,8
2004,1984,439
2005,1985,94
2006,1986,440
2007,1987,7
2008,1988,90
2009,1989,444
2010,1989,441
2011,1990,157
2012,1991,154
2013,1992,110
2014,1993,442
2015,1994,443
2016,1995,33
2017,1996,154
2018,1997,90
2019,1998,439
2020,1999,444
2021,2000,440
2022,2001,443
2023,2002,105
2024,2003,148
2025,2004,80
2026,2005,86
2027,2006,445
2028,2007,435
2029,2008,436
2030,2009,446
2031,2010,97
2032,2011,153
2033,2012,300
2034,2013,137
2035,2014,8
2036,2015,67
2037,2016,114
2038,2017,155
2039,2018,94
2040,2019,89
2041,2020,172
2042,2021,103
2043,2022,449
2044,2022,448
2045,2023,135
2046,2024,450
2047,2025,451
2048,2026,110
2049,2026,33
2050,2027,97
2051,2028,405
2052,2029,431
2053,2030,12
2054,2031,67
2055,2032,88
2056,2033,443
2057,2034,103
2058,2035,106
2059,2036,105
2060,2037,273
2061,2038,84
2062,2039,86
2063,2040,436
2064,2041,439
2065,2042,89
2066,2043,440
2067,2043,154
2068,2044,451
2069,2045,444
2070,2046,89
2071,2047,450
2072,2048,452
2073,2049,137
2074,2050,411
2075,2051,110
2076,2052,197
2077,2053,445
2078,2054,94
2079,2055,442
2080,2056,219
2081,2057,453
2082,2058,90
2083,2059,452
2084,2060,80
2085,2061,454
2086,2062,65
2087,2063,446
2088,2064,436
2089,2065,84
2090,2066,86
2091,2067,86
2092,2068,20
2093,2069,132
2094,2070,97
2095,2071,452
2096,2072,67
2097,2073,405
2098,2074,431
2099,2075,300
2100,2076,444
2101,2077,94
2102,2078,451
2103,2079,110
2104,2080,440
2105,2081,440
2106,2082,154
2107,2083,439
2108,2084,81
2109,2085,103
2110,2086,90
2111,2087,456
2112,2087,457
2113,2088,455
2114,2089,94
2115,2090,458
2116,2091,460
2117,2092,461
2118,2093,110
2119,2094,450
2120,2095,443
2121,2096,106
2122,2097,88
2123,2098,436
2124,2099,437
2125,2100,462
2126,2101,86
2127,2102,103
2128,2103,105
2129,2104,464
2130,2105,439
2131,2106,154
2132,2107,80
2133,2108,452
2134,2109,12
2135,2110,153
2136,2111,97
2137,2112,137
2138,2113,447
2139,2114,444
2140,2115,439
2141,2116,94
2142,2117,33
2143,2118,8
2144,2119,452
2145,2120,44
2146,2121,132
2147,2122,67
2148,2123,114
2149,2124,455
2150,2125,89
2151,2126,90
2152,2127,109
2153,2127,312
2154,2128,157
2155,2129,154
2156,2130,440
2157,2131,440
2158,2132,89
2159,2133,451
2160,2134,450
2161,2135,444
2162,2136,67
2163,2137,455
2164,2138,300
2165,2139,431
2166,2140,405
2167,2141,11
2168,2142,411
2169,2143,132
2170,2144,97
2171,2145,132
2172,2146,47
2173,2147,443
2174,2148,105
2175,2149,435
2176,2150,446
2177,2151,80
2178,2152,436
2179,2153,86
2180,2154,103
2181,2155,110
2182,2156,94
2183,2157,465
2184,2158,90
2185,2159,412
2186,2160,460
2187,2161,329
2188,2162,466
2189,2163,467
2190,2164,155
2191,2165,103
2192,2166,81
2193,2167,447
2194,2168,176
2195,2169,94
2196,2170,451
2197,2171,439
2198,2172,80
2199,2173,443
2200,2174,106
2201,2175,88
2202,2176,86
2203,2177,436
2204,2178,105
2205,2179,110
2206,2180,444
2207,2181,440
2208,2182,154
2209,2183,12
2210,2184,132
2211,2185,153
2212,2186,219
2213,2187,11
2214,2188,67
2215,2189,455
2216,2190,8
2217,2191,97
2218,2192,86
2219,2193,442
2220,2194,114
2221,2195,452
2222,2196,80
2223,2197,90
2224,2198,89
2225,2199,469
2226,2200,460
2227,2201,44
2228,2202,44
2229,2203,44
2230,2204,44
2231,2205,44
2232,2206,357
2233,2206,155
2234,2207,165
2235,2208,106
2236,2209,443
2237,2210,436
2238,2211,105
2239,2212,88
2240,2213,464
2241,2214,273
2242,2215,80
2243,2216,470
2244,2217,132
2245,2218,97
2246,2219,110
2247,2220,451
2248,2221,89
2249,2222,94
2250,2223,440
2251,2224,440
2252,2225,154
2253,2226,90
2254,2227,65
2255,2228,439
2256,2229,460
2257,2230,460
2258,2231,452
2259,2232,8
2260,2233,153
2261,2234,12
2262,2235,455
2263,2236,114
2264,2237,67
2265,2238,471
2266,2239,103
2267,2240,219
2268,2241,176
2269,2242,472
2270,2243,65
2271,2244,444
2272,2245,154
2273,2246,94
2274,2247,94
2275,2248,90
2276,2249,440
2277,2250,89
2278,2251,451
2279,2252,442
2280,2253,452
2281,2254,157
2282,2255,176
2283,2256,86
2284,2257,475
2285,2258,443
2286,2259,105
2287,2260,106
2288,2261,88
2289,2262,86
2290,2263,103
2291,2264,90
2292,2265,90
2293,2266,444
2294,2267,440
2295,2268,94
2296,2269,89
2297,2270,439
2298,2271,137
2299,2272,153
2300,2273,452
2301,2274,436
2302,2274,464
2303,2275,482
2304,2276,67
2305,2277,80
2306,2278,11
2307,2279,114
2308,2280,455
2309,2281,97
2310,2282,8
2311,2283,12
2312,2284,154
2313,2285,161
2314,2286,132
2315,2287,329
2316,2288,31
2317,2289,39
2318,2290,157
2319,2291,89
2320,2292,444
2321,2293,110
2322,2294,89
2323,2295,439
2324,2296,154
2325,2297,440
2326,2298,90
2327,2299,446
2328,2300,162
2329,2301,443
2330,2302,464
2331,2303,86
2332,2304,436
2333,2305,80
2334,2306,65
2335,2307,105
2336,2308,103
2337,2309,88
2338,2310,11
2339,2311,153
2340,2312,477
2341,2313,114
2342,2314,8
2343,2315,12
2344,2316,118
2345,2316,478
2346,2317,460
2347,2318,479
2348,2319,480
2349,2320,269
2350,2321,137
2351,2322,455
2352,2323,452
2353,2324,357
2354,2325,357
2355,2326,483
2356,2327,103
2357,2328,491
2358,2329,486
2359,2330,496
2360,2331,487
2361,2332,494
2362,2333,484
2363,2334,88
2364,2335,489
2365,2336,92
2366,2337,105
2367,2338,86
2368,2339,497
2369,2340,503
2370,2341,94
2371,2342,505
2372,2343,504
2373,2344,506
2374,2345,499
2375,2346,510
2376,2347,502
2378,2349,81
2379,2350,507
2380,2351,501
2381,2352,153
2382,2353,48
2383,2354,67
2384,2355,508
2385,2356,509
2386,2357,148
2387,2358,511
2388,2359,512
2389,2360,90
2390,2361,81
2391,2362,513
2392,2363,514
2393,2364,515
2394,2365,506
2395,2366,81
2396,2367,501
2397,2368,499
2398,2369,503
2399,2370,502
2401,2372,505
2402,2373,339
2403,2374,490
2404,2375,103
2405,2376,650
2406,2377,485
2407,2378,512
2408,2379,80
2409,2380,491
2410,2381,492
2411,2382,487
2412,2383,490
2413,2384,494
2414,2385,489
2415,2386,516
2416,2387,74
2417,2388,105
2418,2389,67
2419,2390,320
2420,2391,508
2421,2392,511
2422,2393,509
2423,2394,92
2424,2395,513
2425,2396,155
2426,2397,519
2427,2398,405
2428,2399,300
2429,2400,520
2430,2401,522
2431,2402,486
2432,2403,488
2433,2404,510
2434,2405,624
2435,2406,103
2436,2407,496
2437,2408,496
2438,2409,522
2439,2410,522
2440,2411,81
2441,2412,81
2442,2413,523
2443,2414,39
2444,2415,497
2445,2416,507
2446,2417,503
2447,2418,506
2449,2420,505
2450,2421,502
2451,2422,499
2452,2423,501
2453,2424,510
2454,2425,105
2455,2426,88
2456,2427,486
2457,2428,512
2458,2429,488
2459,2430,490
2460,2431,489
2461,2432,487
2462,2433,492
2463,2434,491
2464,2435,483
2465,2436,524
2466,2437,525
2467,2438,516
2468,2439,518
2469,2440,92
2470,2441,517
2471,2442,496
2472,2443,493
2473,2444,497
2474,2445,12
2475,2446,67
2476,2447,509
2477,2448,509
2478,2449,153
2479,2450,508
2480,2451,511
2481,2452,500
2482,2453,515
2483,2454,81
2484,2455,114
2486,2457,503
2487,2458,506
2488,2459,80
2489,2460,39
2490,2461,81
2491,2462,522
2492,2463,528
2493,2464,488
2494,2465,81
2495,2466,501
2496,2467,510
2497,2468,103
2498,2469,76
2499,2470,483
2500,2471,650
2501,2472,485
2502,2473,489
2503,2474,490
2504,2475,494
2505,2476,518
2506,2477,486
2507,2478,92
2508,2479,148
2509,2480,530
2510,2481,515
2511,2482,405
2512,2483,300
2513,2484,48
2514,2485,511
2515,2486,509
2516,2487,508
2517,2488,411
2518,2489,86
2519,2490,512
2520,2491,531
2521,2492,499
2522,2493,516
2523,2494,81
2524,2495,94
2525,2496,90
2526,2497,176
2527,2497,523
2528,2498,506
2529,2499,505
2530,2500,503
2531,2501,510
2532,2502,81
2533,2503,501
2534,2504,497
2536,2506,497
2537,2507,67
2538,2508,502
2539,2509,105
2540,2510,528
2541,2511,518
2542,2512,532
2543,2513,92
2544,2514,533
2545,2515,512
2546,2516,103
2547,2517,88
2548,2518,483
2549,2519,624
2550,2520,25
2551,2521,490
2552,2522,486
2553,2523,488
2554,2524,491
2555,2525,489
2556,2526,80
2557,2527,487
2558,2528,494
2559,2529,148
2560,2530,535
2561,2531,499
2562,2532,487
2563,2533,67
2564,2534,509
2565,2535,508
2566,2536,12
2567,2537,511
2568,2538,405
2569,2539,536
2570,2540,526
2571,2541,39
2572,2542,489
2573,2543,512
2574,2544,493
2575,2545,76
2576,2546,103
2577,2547,486
2578,2548,650
2579,2549,485
2581,2551,503
2582,2552,501
2583,2553,497
2584,2554,502
2585,2555,499
2586,2556,505
2587,2557,510
2588,2558,105
2589,2559,103
2590,2560,518
2591,2561,33
2592,2562,92
2593,2563,81
2594,2564,478
2595,2565,516
2596,2566,67
2597,2567,153
2598,2568,12
2599,2569,48
2600,2570,153
2601,2571,511
2602,2572,509
2603,2573,508
2604,2574,176
2605,2575,510
2606,2576,501
2607,2577,502
2608,2578,506
2609,2579,81
2610,2580,503
2613,2583,503
2614,2584,505
2615,2585,499
2616,2586,172
2617,2587,405
2618,2588,67
2619,2589,12
2620,2590,48
2621,2591,411
2622,2592,511
2623,2593,509
2624,2594,508
2625,2595,488
2626,2596,462
2627,2597,491
2628,2598,483
2629,2599,512
2630,2600,624
2631,2601,486
2632,2602,103
2633,2603,88
2634,2604,489
2635,2605,487
2636,2606,490
2637,2607,516
2638,2608,90
2639,2609,518
2640,2610,92
2641,2611,105
2642,2612,537
2643,2613,497
2644,2614,155
2645,2615,522
2646,2616,33
2647,2617,81
2648,2618,538
2649,2619,81
2650,2620,39
2652,2622,499
2653,2623,503
2654,2624,155
2655,2625,501
2656,2626,453
2657,2627,505
2658,2628,497
2659,2629,510
2660,2630,501
2661,2631,405
2662,2632,490
2663,2633,487
2664,2634,103
2665,2635,484
2666,2636,485
2667,2637,486
2668,2638,512
2669,2639,493
2670,2640,494
2671,2641,483
2672,2642,489
2673,2643,92
2674,2644,455
2675,2645,518
2676,2646,67
2677,2647,543
2678,2648,511
2679,2649,12
2680,2650,509
2681,2651,508
2682,2652,515
2683,2653,547
2684,2653,545
2685,2654,513
2686,2655,548
2687,2656,176
2688,2657,48
2689,2658,526
2690,2659,510
2691,2660,492
2692,2660,491
2693,2661,12
2694,2662,508
2695,2663,497
2696,2663,510
2697,2664,501
2698,2665,502
2699,2666,506
2700,2667,81
2702,2669,499
2703,2670,503
2704,2671,509
2705,2672,405
2706,2673,511
2707,2674,411
2708,2675,488
2709,2676,624
2710,2677,492
2711,2678,103
2712,2679,512
2713,2680,486
2714,2681,650
2715,2682,487
2716,2683,462
2717,2684,489
2718,2685,489
2719,2686,483
2720,2687,494
2721,2688,159
2722,2689,29
2723,2690,528
2724,2691,518
2725,2692,33
2726,2693,86
2727,2694,549
2728,2695,550
2729,2696,516
2730,2697,605
2731,2698,176
2732,2699,81
2733,2700,503
2734,2701,499
2735,2702,81
2736,2703,501
2737,2704,485
2738,2705,103
2739,2706,512
2740,2707,483
2741,2708,490
2742,2709,489
2743,2710,488
2744,2711,487
2745,2712,493
2746,2713,624
2747,2714,526
2749,2716,505
2750,2717,510
2751,2718,502
2752,2719,88
2753,2720,486
2754,2721,518
2755,2722,92
2756,2723,516
2757,2724,551
2758,2725,552
2759,2726,153
2760,2727,139
2761,2728,497
2762,2729,462
2763,2730,67
2764,2731,511
2765,2732,12
2766,2733,508
2767,2734,455
2768,2735,172
2769,2736,309
2770,2736,553
2771,2737,81
2772,2738,506
2773,2739,39
2774,2740,453
2775,2741,492
2777,2743,499
2778,2744,503
2779,2745,497
2780,2746,516
2781,2747,515
2782,2748,92
2783,2749,518
2784,2750,510
2785,2751,501
2786,2752,506
2787,2753,502
2788,2754,505
2789,2755,554
2790,2756,555
2791,2756,556
2792,2757,483
2793,2758,650
2794,2759,491
2795,2760,486
2796,2761,512
2797,2762,487
2798,2763,493
2799,2764,488
2800,2765,103
2801,2766,511
2802,2767,509
2803,2768,153
2804,2769,557
2805,2770,558
2806,2771,455
2807,2772,155
2808,2773,81
2809,2774,176
2810,2775,559
2811,2776,81
2812,2777,506
2813,2778,86
2814,2779,492
2815,2780,560
2816,2781,489
2817,2782,561
2818,2783,549
2819,2784,444
2820,2785,565
2821,2786,92
2822,2787,503
2823,2788,488
2824,2789,88
2825,2790,499
2827,2792,501
2828,2793,99
2829,2794,103
2830,2795,494
2831,2796,566
2832,2797,483
2833,2798,67
2834,2799,567
2835,2800,153
2836,2801,136
2837,2802,509
2838,2803,12
2839,2804,486
2840,2805,86
2841,2806,510
2842,2807,569
2843,2808,570
2844,2809,114
2845,2810,487
2846,2811,571
2847,2812,81
2848,2813,81
2849,2814,81
2850,2815,159
2851,2815,510
2852,2816,573
2853,2817,566
2854,2818,509
2855,2819,650
2856,2820,103
2857,2821,516
2858,2822,511
2859,2823,86
2860,2824,565
2861,2825,574
2862,2826,508
2863,2827,569
2864,2828,153
2865,2829,517
2866,2830,570
2867,2831,483
2868,2832,487
2869,2833,521
2870,2834,491
2872,2836,503
2873,2837,493
2874,2838,486
2875,2839,573
2876,2840,176
2877,2841,567
2878,2842,12
2879,2843,499
2880,2844,572
2881,2845,506
2882,2846,510
2883,2847,575
2884,2848,572
2885,2849,499
2886,2850,81
2887,2851,81
2888,2852,567
2889,2853,79
2890,2854,176
2891,2855,88
2892,2856,486
2893,2857,103
2894,2858,99
2895,2859,92
2896,2860,515
2897,2861,506
2898,2862,572
2899,2863,492
2900,2864,489
2901,2865,508
2902,2866,153
2903,2867,48
2904,2868,570
2905,2869,503
2906,2870,561
2907,2870,90
2908,2871,562
2909,2872,453
2910,2873,549
2912,2875,488
2913,2876,67
2914,2877,81
2915,2878,483
2916,2879,576
2917,2880,510
2918,2881,81
2919,2882,569
2920,2883,148
2921,2884,114
2922,2885,444
2923,2886,12
2924,2887,499
2925,2888,573
2926,2889,48
2927,2890,67
2928,2891,81
2929,2892,79
2930,2893,501
2931,2894,100
2932,2895,565
2933,2896,573
2934,2897,650
2935,2898,103
2936,2899,483
2937,2900,99
2938,2901,493
2939,2902,521
2940,2903,491
2941,2904,486
2942,2905,486
2943,2906,442
2944,2907,576
2945,2908,571
2946,2909,453
2947,2910,605
2948,2911,567
2949,2912,153
2950,2913,455
2951,2914,508
2952,2915,511
2953,2916,67
2954,2917,503
2955,2918,506
2956,2919,522
2957,2920,487
2958,2921,569
2959,2922,25
2961,2924,570
2962,2925,578
2963,2926,499
2964,2927,154
2965,2928,510
2966,2929,572
2967,2930,48
2968,2931,81
2969,2932,154
2970,2933,81
2971,2934,506
2972,2935,570
2973,2936,565
2974,2937,579
2975,2938,503
2976,2939,492
2977,2940,511
2978,2941,515
2979,2942,483
2980,2943,566
2981,2944,491
2982,2945,580
2983,2946,88
2984,2947,493
2985,2948,103
2986,2949,512
2987,2949,573
2988,2950,575
2989,2951,92
2990,2952,549
2991,2953,561
2992,2954,510
2994,2956,581
2995,2957,582
2996,2958,81
2997,2959,153
2998,2960,153
2999,2961,508
3000,2962,12
3001,2963,583
3002,2964,509
3003,2965,499
3004,2966,584
3005,2967,585
3006,2968,487
3007,2969,501
3008,2969,572
3009,2970,586
3010,2971,90
3011,2972,81
3012,2973,79
3013,2974,587
3014,2975,48
3015,2976,67
3016,2977,39
3017,2978,158
3018,2978,605
3019,2979,572
3020,2980,444
3021,2981,588
3022,2982,573
3023,2983,650
3024,2984,486
3025,2985,578
3026,2986,483
3027,2987,521
3028,2988,103
3029,2989,506
3030,2989,503
3031,2990,522
3032,2991,565
3033,2992,588
3034,2993,487
3035,2994,499
3036,2995,499
3037,2996,153
3038,2997,492
3039,2998,159
3040,2998,572
3041,2999,510
3042,3000,81
3043,3001,81
3044,3002,589
3045,3003,489
3046,3004,590
3047,3005,453
3048,3006,67
3049,3007,48
3050,3008,592
3051,3008,134
3052,3009,12
3053,3010,508
3054,3011,509
3055,3012,588
3056,3012,491
3057,3013,39
3058,3014,156
3059,3015,156
3060,3016,156
3061,3017,156
3062,3018,156
3063,3019,156
3064,3020,156
3065,3021,156
3066,3022,156
3067,3023,156
3068,3024,156
3069,3025,156
3070,3026,156
3071,3027,156
3072,3028,156
3073,3029,156
3074,3030,156
3075,3031,156
3076,3032,156
3077,3033,510
3078,3034,103
3079,3035,88
3080,3036,573
3081,3037,491
3082,3038,483
3083,3039,493
3084,3040,521
3085,3041,575
3086,3042,510
3088,3044,569
3089,3045,506
3090,3046,570
3091,3047,593
3092,3048,487
3093,3049,577
3094,3050,501
3095,3051,499
3096,3052,503
3097,3053,510
3098,3054,586
3099,3055,451
3100,3056,595
3101,3057,596
3102,3058,597
3103,3059,114
3104,3060,492
3105,3061,515
3106,3062,524
3107,3063,585
3108,3064,154
3109,3065,81
3110,3066,562
3111,3067,567
3112,3068,567
3113,3069,598
3114,3070,39
3115,3071,481
3116,3072,516
3117,3073,565
3118,3074,511
3119,3075,453
3120,3076,573
3121,3077,103
3122,3078,566
3123,3079,486
3124,3080,578
3125,3081,580
3126,3082,650
3127,3083,99
3128,3084,521
3129,3085,522
3130,3086,501
3131,3087,499
3132,3088,487
3133,3089,81
3134,3090,510
3135,3091,503
3136,3092,491
3137,3093,105
3138,3094,92
3139,3095,442
3140,3096,153
3141,3097,509
3142,3098,483
3143,3099,489
3144,3100,48
3145,3101,67
3146,3102,508
3147,3103,12
3148,3104,481
3149,3105,572
3150,3106,588
3151,3107,176
3152,3108,549
3153,3109,451
3154,3110,492
3155,3111,576
3156,3112,453
3157,3113,503
3158,3114,571
3159,3115,12
3160,3116,605
3161,3117,136
3163,3119,506
3164,3120,501
3165,3121,483
3166,3122,491
3167,3123,313
3168,3124,493
3169,3125,486
3170,3126,103
3171,3127,88
3172,3128,99
3173,3129,521
3174,3130,573
3175,3131,506
3176,3132,487
3177,3133,444
3178,3134,561
3179,3135,79
3180,3136,499
3181,3137,154
3182,3138,588
3183,3139,67
3184,3140,599
3185,3140,562
3186,3141,486
3187,3142,39
3188,3143,81
3189,3144,81
3190,3145,81
3191,3146,510
3192,3147,572
3193,3148,508
3194,3149,405
3195,3150,503
3196,3151,509
3197,3152,81
3198,3153,522
3199,3154,487
3200,3155,516
3201,3156,515
3202,3157,511
3203,3158,491
3204,3159,512
3205,3160,103
3206,3161,650
3207,3162,580
3208,3163,483
3209,3164,521
3210,3165,486
3211,3166,148
3212,3167,566
3213,3168,506
3214,3169,569
3215,3170,92
3216,3171,156
3217,3172,571
3219,3174,501
3220,3175,499
3221,3176,431
3222,3177,567
3223,3178,67
3224,3179,572
3225,3180,81
3226,3181,600
3227,3182,39
3228,3183,156
3229,3184,491
3230,3185,573
3231,3186,486
3232,3187,88
3233,3188,483
3234,3189,503
3235,3190,103
3236,3191,575
3237,3192,521
3238,3193,487
3239,3194,601
3240,3195,602
3241,3196,508
3242,3197,431
3243,3198,99
3244,3199,549
3245,3200,561
3246,3201,562
3247,3202,444
3248,3203,81
3249,3204,603
3250,3205,506
3252,3207,567
3253,3208,67
3254,3209,12
3255,3210,501
3256,3211,499
3257,3212,39
3258,3213,493
3259,3214,81
3260,3215,159
3261,3216,148
3262,3217,148
3263,3218,148
3264,3219,148
3265,3220,148
3266,3221,572
3267,3222,610
3268,3223,609
3269,3224,103
3270,3225,153
3271,3226,605
3272,3227,567
3273,3228,650
3274,3229,487
3275,3230,483
3276,3231,575
3277,3232,578
3278,3233,510
3279,3234,611
3280,3235,612
3281,3236,615
3282,3237,613
3283,3238,616
3284,3239,617
3285,3240,618
3286,3241,620
3287,3242,621
3288,3243,622
3289,3244,572
3290,3245,510
3291,3246,625
3292,3246,569
3293,3247,357
3294,3248,627
3296,3250,629
3297,3251,626
3298,3252,557
3299,3253,617
3300,3254,481
3301,3255,630
3302,3256,631
3303,3257,634
3304,3258,632
3305,3259,570
3306,3260,619
3307,3261,636
3308,3262,638
3309,3263,639
3310,3264,640
3311,3265,637
3312,3266,165
3313,3267,643
3314,3267,572
3315,3268,155
3316,3269,618
3317,3270,569
3318,3271,620
3319,3271,622
3320,3272,612
3321,3273,621
3322,3274,483
3323,3275,616
3324,3276,487
3325,3277,614
3326,3278,650
3327,3279,580
3328,3280,613
3329,3281,644
3330,3282,645
3331,3283,646
3332,3284,571
3333,3285,511
3334,3286,587
3335,3287,647
3336,3288,631
3337,3289,605
3338,3290,648
3339,3291,578
3340,3292,153
3341,3293,649
3342,3294,634
3343,3295,632
3344,3296,627
3345,3297,613
3346,3298,92
3347,3299,313
3348,3300,510
3349,3301,313
3350,3302,39
3351,3303,651
3352,3304,652
3353,3305,572
3354,3306,616
3355,3307,569
3356,3308,618
3357,3309,626
3358,3309,622
3359,3310,617
3360,3311,278
3361,3311,603
3362,3312,642
3363,3313,653
3364,3314,629
3365,3315,618
3366,3316,570
3367,3317,619
3368,3318,645
3369,3319,483
3370,3320,650
3371,3321,487
3372,3322,103
3373,3323,578
3374,3324,648
3375,3325,588
3376,3326,610
3377,3327,651
3378,3328,634
3379,3329,631
3380,3330,605
3381,3331,632
3382,3332,649
3383,3333,656
3384,3334,657
3385,3335,570
3386,3336,658
3387,3337,486
3388,3338,486
3389,3339,486
3390,3340,580
3391,3341,510
3392,3342,656
3393,3343,634
3394,3344,631
3396,3346,632
3397,3347,605
3398,3348,511
3399,3349,486
3400,3350,576
3401,3351,614
3402,3352,646
3403,3353,644
3404,3354,578
3405,3355,650
3406,3356,605
3407,3357,157
3408,3358,622
3409,3359,627
3410,3360,618
3411,3361,570
3412,3362,616
3413,3363,619
3414,3364,570
3415,3365,618
3416,3366,617
3417,3367,569
3418,3368,103
3419,3369,594
3420,3370,643
3421,3371,613
3422,3372,531
3423,3373,481
3424,3374,662
3425,3375,663
3426,3376,651
3427,3377,148
3428,3377,510
3429,3378,661
3430,3379,664
3431,3380,510
3432,3381,651
3433,3382,610
3434,3383,103
3435,3384,650
3436,3385,613
3437,3386,578
3438,3387,634
3439,3388,631
3440,3389,632
3441,3390,656
3442,3391,605
3443,3392,649
3445,3394,665
3446,3395,489
3447,3396,666
3448,3397,511
3449,3398,667
3450,3399,669
3451,3400,629
3452,3401,617
3453,3402,618
3454,3403,570
3455,3404,622
3457,3405,616
3458,3406,618
3459,3407,572
3460,3408,621
3461,3409,569
3462,3410,622
3463,3411,572
3464,3412,483
3465,3413,569
3466,3414,487
3467,3415,643
3468,3416,670
3469,3417,671
3470,3418,481
3471,3419,672
3472,3420,673
3473,3420,645
3474,3421,39
3475,3422,620
3476,3423,620
3477,3424,627
3478,3425,572
3479,3426,622
3480,3427,570
3481,3428,569
3482,3429,656
3483,3430,605
3484,3431,649
3486,3433,631
3487,3434,634
3488,3435,632
3489,3436,674
3490,3437,646
3491,3438,644
3492,3439,651
3493,3440,580
3494,3441,614
3495,3442,618
3496,3443,675
3497,3444,677
3498,3445,103
3499,3446,481
3500,3447,571
3501,3448,576
3502,3449,678
3503,3450,262
3504,3451,589
3505,3452,653
3506,3453,650
3507,3454,531
3508,3455,483
3509,3456,578
3510,3457,613
3511,3458,645
3512,3459,651
3513,3460,610
3514,3461,103
3515,3462,656
3516,3463,649
3518,3465,634
3519,3466,631
3520,3467,632
3521,3468,605
3522,3469,629
3523,3470,570
3524,3471,618
3525,3472,617
3526,3473,679
3528,3475,627
3529,3476,619
3530,3477,616
3531,3478,569
3532,3479,622
3533,3480,618
3534,3481,572
3535,3482,572
3536,3483,570
3537,3484,650
3538,3485,576
3539,3486,680
3540,3487,681
3541,3488,511
3542,3489,682
3543,3490,481
3544,3491,683
3545,3492,483
3546,3493,646
3547,3494,614
3548,3495,580
3549,3496,483
3550,3497,612
3551,3498,644
3552,3499,611
3553,3500,685
3554,3501,651
3555,3502,649
3557,3504,631
3558,3505,605
3559,3506,656
3560,3507,632
3561,3508,634
3562,3509,605
3563,3510,556
3564,3511,515
3565,3512,574
3566,3513,148
3567,3514,688
3568,3515,622
3569,3516,578
3570,3517,645
3571,3518,613
3572,3519,570
3573,3520,629
3574,3521,617
3575,3522,618
3576,3523,618
3577,3524,621
3578,3525,570
3579,3526,627
3580,3527,622
3581,3528,616
3582,3529,569
3583,3530,619
3584,3531,572
3585,3532,617
3586,3533,689
3587,3533,691
3588,3533,87
3589,3534,692
3590,3535,481
3591,3536,651
3592,3537,610
3593,3538,103
3594,3539,578
3595,3540,613
3596,3541,677
3597,3542,483
3598,3543,605
3599,3544,656
3600,3545,649
3601,3546,631
3603,3548,634
3604,3549,632
3605,3550,688
3606,3551,397
3607,3552,453
3608,3553,618
3609,3554,569
3610,3555,511
3611,3556,659
3612,3557,694
3613,3558,617
3614,3559,570
3615,3560,570
3616,3561,621
3617,3562,570
3618,3563,622
3619,3564,620
3620,3565,572
3621,3566,405
3622,3567,567
3623,3568,645
3624,3569,614
3625,3570,567
3626,3571,481
3627,3572,483
3628,3573,695
3629,3574,622
3630,3574,569
3631,3575,155
3632,3576,643
3633,3577,688
3634,3578,671
3636,3580,656
3637,3581,649
3638,3582,631
3639,3583,632
3640,3584,634
3641,3585,605
3642,3586,605
3643,3587,442
3644,3588,486
3645,3589,629
3646,3590,677
3647,3591,696
3648,3592,645
3649,3593,646
3650,3594,644
3651,3595,651
3652,3596,580
3653,3597,578
3654,3598,698
3655,3598,697
3656,3599,159
3657,3600,569
3658,3601,618
3659,3602,622
3660,3603,617
3662,3604,616
3663,3605,617
3666,3608,699
3667,3609,481
3668,3610,674
3669,3611,651
3670,3611,644
3671,3612,614
3672,3613,610
3673,3614,103
3674,3615,646
3675,3616,483
3676,3617,688
3677,3618,677
3678,3619,620
3679,3620,618
3680,3621,629
3681,3622,570
3682,3623,569
3683,3624,617
3684,3625,570
3685,3626,572
3686,3627,569
3687,3628,622
3688,3629,618
3689,3630,618
3690,3631,621
3691,3632,627
3692,3633,643
3693,3634,656
3694,3635,631
3695,3636,634
3696,3637,605
3697,3638,139
3698,3639,594
3700,3641,605
3701,3642,649
3702,3643,632
3703,3644,701
3704,3645,617
3705,3646,700
3706,3647,683
3707,3648,702
3708,3649,154
3709,3650,510
3710,3651,664
3711,3652,664
3712,3653,703
3713,3654,81
3714,3655,572
3715,3656,81
3716,3657,616
3717,3658,644
3718,3659,569
3719,3660,580
3720,3661,86
3721,3662,154
3722,3663,622
3724,3665,634
3725,3666,656
3726,3667,705
3727,3668,709
3728,3669,710
3729,3670,706
3730,3671,708
3731,3672,483
3732,3673,716
3733,3674,714
3734,3675,717
3735,3676,715
3736,3677,718
3737,3678,720
3738,3679,719
3739,3680,139
3740,3681,576
3741,3682,594
3742,3683,721
3743,3684,645
3744,3685,723
3745,3686,643
3746,3687,704
3747,3688,725
3748,3689,726
3749,3690,727
3750,3691,728
3751,3692,153
3752,3693,729
3753,3694,730
3755,3696,733
3756,3697,627
3757,3698,734
3758,3699,621
3759,3700,567
3760,3701,39
3761,3702,729
3762,3703,704
3763,3704,721
3764,3705,616
3765,3706,643
3766,3707,621
3767,3708,726
3768,3709,81
3769,3710,734
3770,3711,736
3771,3712,622
3773,3714,572
3774,3715,709
3775,3716,483
3776,3717,708
3777,3718,656
3778,3719,713
3779,3720,725
3780,3721,651
3781,3721,580
3782,3722,88
3783,3723,103
3784,3724,99
3785,3725,569
3786,3726,710
3787,3727,715
3788,3728,718
3789,3729,714
3790,3730,719
3791,3731,720
3792,3732,634
3793,3733,716
3794,3734,717
3796,3736,153
3797,3737,738
3798,3738,741
3799,3739,559
3800,3740,742
3801,3741,732
3802,3742,730
3803,3743,622
3805,3745,588
3806,3746,39
3807,3747,656
3808,3748,483
3809,3749,706
3810,3750,710
3811,3751,738
3812,3752,708
3813,3753,727
3814,3753,569
3815,3754,718
3816,3755,634
3818,3757,715
3819,3758,717
3820,3759,714
3821,3760,719
3823,3762,743
3824,3763,576
3825,3764,747
3826,3765,746
3827,3766,643
3828,3767,622
3829,3768,725
3830,3769,728
3831,3770,723
3832,3771,580
3833,3772,644
3834,3773,627
3835,3774,645
3836,3775,748
3837,3776,729
3838,3777,621
3839,3778,503
3840,3779,81
3841,3780,81
3842,3781,720
3843,3782,616
3844,3783,749
3845,3784,572
3846,3785,751
3847,3786,39
3848,3787,621
3849,3788,736
3850,3789,643
3851,3790,721
3852,3791,627
3853,3792,616
3854,3792,572
3855,3793,726
3856,3794,725
3858,3796,718
3859,3797,719
3860,3798,714
3861,3799,715
3862,3800,634
3863,3801,567
3864,3802,483
3865,3803,656
3866,3804,709
3867,3805,710
3868,3806,705
3869,3807,708
3870,3808,103
3871,3809,651
3872,3810,569
3873,3811,644
3874,3812,734
3875,3813,622
3876,3814,453
3877,3815,716
3878,3816,752
3879,3817,730
3880,3818,717
3881,3819,753
3882,3820,754
3883,3821,755
3884,3822,581
3885,3823,139
3886,3824,756
3887,3825,39
3888,3826,622
3889,3827,720
3890,3828,717
3891,3829,715
3892,3830,634
3894,3832,714
3895,3833,719
3896,3834,718
3897,3835,721
3898,3836,708
3899,3837,576
3900,3838,405
3901,3839,405
3902,3840,88
3903,3841,569
3904,3842,753
3905,3843,594
3907,3845,757
3908,3846,592
3909,3847,621
3910,3848,643
3911,3849,729
3912,3850,627
3913,3851,728
3914,3852,643
3915,3853,727
3916,3854,738
3917,3855,483
3918,3856,710
3919,3857,616
3920,3858,572
3921,3859,645
3923,3861,580
3924,3862,759
3925,3863,39
3926,3864,715
3927,3865,718
3928,3866,634
3930,3868,720
3931,3869,719
3932,3870,716
3933,3871,714
3934,3872,656
3935,3873,709
3936,3874,738
3937,3875,483
3938,3876,656
3939,3877,710
3940,3878,103
3941,3879,569
3942,3880,644
3943,3881,66
3944,3882,139
3945,3883,621
3946,3884,760
3947,3885,723
3948,3886,725
3949,3887,726
3950,3888,736
3951,3889,627
3952,3890,622
3953,3891,651
3954,3892,643
3955,3893,572
3958,3895,616
3959,3896,622
3960,3897,762
3961,3898,730
3962,3899,39
3963,3900,100
3965,3902,749
3966,3903,574
3967,3904,730
3968,3905,594
3969,3906,716
3970,3907,719
3972,3909,718
3973,3910,715
3974,3911,634
3975,3912,717
3976,3913,714
3977,3914,645
3978,3915,572
3979,3916,723
3980,3917,721
3981,3918,621
3982,3919,483
3983,3920,726
3984,3921,616
3985,3922,88
3986,3923,709
3987,3924,656
3988,3925,569
3989,3926,713
3990,3927,580
3991,3928,710
3992,3929,651
3993,3930,627
3994,3931,736
3995,3932,760
3996,3933,725
3997,3934,572
3998,3935,39
3999,3936,704
4000,3937,715
4001,3938,717
4002,3939,714
4003,3940,716
4004,3941,634
4005,3942,718
4007,3944,720
4008,3945,721
4009,3946,729
4010,3947,725
4011,3948,621
4012,3949,726
4013,3950,721
4014,3951,627
4015,3952,616
4016,3953,483
4017,3954,656
4018,3955,709
4019,3956,569
4020,3957,727
4021,3958,725
4022,3959,644
4023,3960,627
4024,3961,103
4025,3962,157
4026,3963,734
4027,3964,730
4028,3965,622
4029,3966,572
4031,3968,643
4032,3969,768
4033,3970,576
4034,3971,139
4035,3972,694
4036,3973,39
4037,3974,724
4038,3975,721
4039,3976,720
4040,3977,709
4042,3979,714
4043,3980,715
4044,3981,716
4045,3982,717
4046,3983,656
4047,3984,569
4048,3985,710
4049,3986,712
4050,3987,651
4051,3988,483
4052,3989,705
4053,3990,738
4054,3991,580
4055,3992,713
4056,3993,721
4058,3995,723
4060,3997,770
4061,3998,771
4062,3999,622
4063,4000,726
4064,4001,627
4066,4003,572
4068,4005,616
4069,4006,718
4070,4007,729
4072,4009,643
4073,4010,621
4074,4011,504
4075,4012,576
4076,4013,574
4077,4014,773
4078,4015,717
4080,4017,719
4081,4018,718
4082,4019,716
4083,4020,714
4084,4021,715
4085,4022,634
4086,4023,734
4087,4024,645
4088,4025,736
4089,4026,728
4090,4027,572
4091,4028,774
4092,4029,569
4093,4030,627
4094,4031,622
4095,4032,621
4096,4033,616
4097,4034,643
4098,4035,644
4099,4036,712
4100,4037,713
4101,4038,99
4102,4039,710
4103,4040,483
4104,4041,656
4105,4042,709
4106,4043,724
4107,4044,139
4108,4045,585
4109,4046,528
4110,4047,730
4111,4048,776
4112,4049,39
4113,4050,717
4114,4051,716
4115,4052,709
4116,4053,103
4117,4054,651
4118,4055,569
4119,4056,656
4120,4057,621
4121,4058,483
4122,4059,710
4123,4060,580
4124,4061,729
4125,4062,704
4126,4063,723
4127,4064,736
4128,4065,726
4129,4066,715
4130,4067,714
4131,4068,719
4132,4069,718
4133,4070,720
4135,4072,728
4136,4073,721
4138,4075,643
4139,4076,622
4140,4077,572
4141,4078,616
4142,4079,734
4143,4080,627
4144,4081,694
4145,4082,139
4146,4083,777
4147,4084,730
4148,4085,634
4149,4086,39
4150,4087,405
4151,4087,567
4152,4088,778
4153,4089,99
4154,4090,99
4155,4091,99
4156,4092,99
4157,4093,99
4158,4094,99
4159,4095,99
4160,4096,694
4161,4097,39
4162,4098,39
4163,4099,39
4164,4100,39
4165,4101,39
4166,4102,39
4167,4103,39
4168,4104,39
4169,4105,39
4170,4106,39
4171,4107,715
4172,4108,717
4173,4109,719
4174,4110,714
4175,4111,632
4176,4112,634
4177,4113,782
4178,4114,721
4179,4115,569
4180,4116,786
4181,4117,787
4182,4118,788
4183,4119,88
4184,4120,785
4185,4121,789
4186,4122,790
4187,4123,646
4188,4124,791
4189,4125,792
4190,4126,709
4191,4127,694
4192,4128,793
4193,4129,794
4194,4130,783
4195,4131,798
4196,4132,785
4197,4133,572
4198,4134,800
4199,4135,803
4201,4137,801
4202,4138,807
4203,4139,805
4204,4140,725
4205,4141,808
4206,4142,806
4207,4143,804
4208,4144,796
4209,4145,510
4210,4146,810
4212,4148,717
4213,4149,176
4214,4150,634
4215,4151,632
4216,4152,793
4217,4153,719
4218,4154,794
4219,4155,717
4220,4156,812
4221,4157,813
4222,4158,787
4223,4159,580
4224,4160,786
4225,4161,788
4226,4162,105
4227,4163,814
4228,4164,646
4229,4165,790
4230,4166,815
4231,4167,816
4232,4168,817
4233,4169,818
4234,4170,734
4235,4170,511
4236,4171,783
4237,4172,804
4238,4173,801
4240,4175,803
4241,4176,805
4242,4177,492
4243,4178,809
4244,4179,819
4245,4180,820
4246,4181,821
4247,4182,822
4248,4183,825
4249,4183,826
4250,4183,747
4251,4184,721
4252,4185,823
4253,4186,824
4254,4187,39
4255,4188,826
4256,4189,804
4257,4190,800
4259,4192,829
4260,4193,785
4261,4194,795
4262,4195,830
4263,4196,788
4264,4197,818
4265,4198,790
4266,4199,791
4267,4200,694
4268,4201,572
4269,4202,798
4270,4203,811
4271,4204,569
4272,4205,811
4273,4206,787
4274,4207,719
4275,4208,794
4276,4209,813
4277,4210,717
4278,4211,715
4279,4212,801
4280,4213,643
4281,4214,808
4282,4215,483
4283,4216,793
4284,4217,832
4285,4217,810
4286,4218,627
4287,4219,634
4288,4220,632
4289,4221,805
4290,4222,725
4291,4223,788
4292,4224,569
4293,4225,790
4294,4226,834
4295,4227,236
4296,4228,791
4297,4229,836
4298,4230,646
4299,4231,786
4301,4233,815
4302,4234,704
4303,4235,787
4304,4236,721
4305,4237,803
4306,4238,819
4307,4239,837
4308,4240,800
4309,4241,725
4310,4242,810
4312,4244,804
4313,4245,805
4314,4246,640
4315,4247,812
4316,4248,813
4317,4249,717
4318,4250,793
4319,4251,783
4320,4252,794
4321,4253,719
4322,4254,634
4323,4255,821
4324,4256,822
4325,4257,838
4326,4258,580
4329,4261,86
4330,4262,839
4331,4263,176
4332,4264,616
4334,4266,804
4335,4267,725
4336,4268,808
4337,4269,810
4338,4270,788
4339,4271,569
4340,4272,790
4341,4273,786
4342,4274,835
4343,4275,791
4344,4276,646
4345,4277,783
4346,4278,719
4347,4279,634
4348,4280,634
4349,4281,812
4350,4282,717
4351,4283,793
4352,4284,813
4353,4285,794
4354,4286,785
4355,4287,572
4356,4288,694
4357,4289,824
4358,4290,798
4359,4291,829
4360,4292,643
4361,4293,805
4362,4294,800
4363,4295,832
4365,4297,787
4366,4298,818
4367,4299,840
4368,4300,841
4369,4301,523
4370,4302,39
4371,4303,786
4372,4304,788
4373,4305,580
4374,4306,791
4375,4307,839
4376,4308,815
4377,4309,787
4378,4310,842
4379,4311,790
4380,4312,721
4382,4314,816
4383,4315,800
4384,4316,819
4385,4317,843
4386,4318,812
4387,4319,715
4388,4320,813
4389,4321,794
4390,4322,717
4391,4323,634
4392,4324,793
4393,4325,719
4394,4326,795
4395,4327,844
4396,4328,811
4397,4329,822
4398,4330,824
4399,4331,821
4400,4332,616
4401,4333,805
4402,4334,725
4403,4335,804
4404,4336,837
4405,4337,643
4407,4339,787
4408,4340,786
4409,4341,569
4410,4342,788
4411,4343,646
4412,4344,790
4413,4345,791
4414,4346,842
4415,4347,818
4416,4348,803
4417,4349,804
4418,4350,810
4419,4351,800
4420,4352,829
4421,4353,810
4422,4354,616
4423,4355,725
4424,4356,805
4426,4357,511
4427,4358,793
4428,4359,812
4429,4360,717
4430,4361,813
4431,4362,794
4432,4363,795
4433,4364,719
4434,4365,634
4436,4367,847
4437,4368,572
4438,4369,798
4439,4370,694
4440,4371,66
4441,4372,848
4442,4373,734
4443,4374,849
4444,4375,580
4445,4376,787
4446,4377,791
4447,4378,790
4448,4379,842
4449,4380,818
4450,4381,646
4451,4382,850
4452,4383,819
4453,4384,810
4454,4385,837
4455,4386,832
4456,4387,627
4457,4388,511
4458,4389,698
4459,4390,821
4460,4391,824
4461,4392,822
4462,4393,715
4463,4394,634
4464,4395,717
4465,4396,794
4466,4397,813
4467,4398,719
4468,4399,793
4469,4400,785
4470,4401,853
4471,4401,852
4472,4401,747
4473,4402,721
4474,4403,854
4475,4404,795
4476,4405,855
4477,4406,812
4478,4407,381
4479,4407,857
4481,4409,786
4482,4410,569
4483,4411,791
4484,4412,830
4485,4413,842
4486,4414,646
4487,4415,790
4488,4416,787
4489,4417,795
4490,4418,794
4491,4419,634
4492,4420,719
4493,4421,717
4494,4422,813
4495,4423,793
4496,4424,858
4497,4425,800
4498,4426,803
4499,4427,805
4500,4428,616
4501,4429,725
4502,4430,843
4503,4431,643
4504,4432,798
4505,4433,859
4506,4434,572
4507,4435,694
4508,4436,860
4509,4437,861
4510,4438,176
4511,4439,785
4514,4442,715
4515,4443,810
4516,4444,580
4517,4445,787
4518,4446,786
4519,4447,791
4520,4448,815
4521,4449,842
4522,4450,790
4523,4451,863
4524,4452,721
4525,4453,843
4526,4454,810
4527,4455,725
4528,4456,643
4529,4457,832
4530,4458,804
4531,4459,805
4532,4460,837
4533,4461,616
4535,4462,829
4536,4463,717
4537,4464,715
4538,4465,794
4539,4466,715
4540,4467,813
4541,4468,634
4542,4469,793
4543,4470,795
4544,4471,719
4545,4472,822
4546,4473,511
4547,4474,864
4548,4475,865
4549,4476,866
4550,4477,867
4551,4478,176
4552,4479,800
4553,4480,837
4554,4481,786
4555,4482,569
4556,4483,787
4557,4484,791
4558,4485,818
4559,4486,790
4560,4487,842
4561,4488,794
4562,4489,634
4563,4490,783
4564,4491,813
4565,4492,719
4566,4493,176
4567,4494,800
4569,4496,643
4570,4497,804
4571,4498,721
4572,4499,798
4573,4500,868
4574,4501,824
4575,4502,694
4576,4503,821
4577,4504,803
4578,4505,805
4579,4506,869
4580,4507,616
4581,4508,581
4583,4510,832
4584,4511,616
4585,4511,572
4586,4512,850
4588,4514,664
4589,4515,863
4590,4516,793
4591,4517,870
4592,4518,646
4593,4519,786
4594,4520,580
4595,4521,791
4596,4522,872
4597,4523,717
4598,4524,794
4599,4525,715
4600,4526,795
4601,4527,634
4602,4528,719
4603,4529,873
4604,4530,874
4605,4531,876
4606,4532,721
4607,4533,821
4608,4534,578
4609,4535,877
4610,4536,885
4611,4537,886
4612,4538,572
4613,4539,880
4615,4541,627
4616,4542,879
4617,4543,881
4618,4544,810
4619,4545,878
4620,4546,883
4622,4548,887
4624,4549,572
4625,4550,176
4626,4551,883
4627,4552,881
4628,4553,717
4629,4554,878
4630,4555,715
4631,4556,794
4632,4557,874
4633,4558,719
4634,4559,634
4635,4560,795
4636,4561,873
4637,4562,880
4638,4563,882
4640,4564,884
4641,4565,569
4642,4566,105
4643,4567,888
4644,4568,842
4645,4569,791
4646,4570,790
4647,4571,872
4648,4572,572
4649,4573,890
4650,4574,889
4651,4575,891
4653,4577,786
4654,4578,810
4656,4580,572
4657,4581,892
4658,4582,863
4659,4583,881
4660,4584,39
4661,4585,893
4662,4586,721
4663,4587,889
4664,4588,894
4665,4589,895
4666,4590,863
4667,4591,793
4668,4592,791
4669,4593,725
4670,4594,578
4671,4595,787
4672,4596,876
4673,4597,580
4674,4598,870
4675,4599,786
4676,4600,511
4677,4601,878
4678,4602,882
4679,4603,883
4680,4604,492
4681,4605,880
4682,4606,879
4683,4607,877
4684,4608,634
4685,4609,794
4686,4610,795
4687,4611,873
4688,4612,715
4690,4614,874
4691,4615,719
4692,4616,717
4693,4617,821
4695,4619,896
4696,4620,569
4697,4621,105
4698,4622,888
4699,4623,646
4700,4624,872
4701,4625,842
4702,4626,870
4703,4627,786
4704,4628,791
4705,4629,39
4707,4631,873
4708,4632,795
4709,4633,719
4710,4634,874
4711,4635,634
4713,4637,898
4714,4638,810
4715,4639,878
4716,4640,899
4719,4643,900
4720,4644,627
4721,4645,889
4722,4646,890
4723,4647,572
4724,4648,794
4725,4649,715
4726,4650,785
4727,4651,901
4728,4652,704
4729,4653,39
4730,4654,627
4731,4654,804
4732,4654,572
4733,4654,884
4734,4655,902
4735,4656,887
4736,4657,721
4737,4658,821
4738,4659,889
4739,4660,580
4740,4661,787
4741,4662,578
4742,4663,793
4743,4664,872
4744,4665,791
4745,4666,646
4746,4667,839
4747,4668,717
4748,4669,873
4749,4670,874
4750,4671,794
4751,4672,715
4752,4673,795
4753,4674,719
4755,4676,906
4756,4677,492
4757,4678,878
4758,4679,879
4759,4680,724
4760,4681,907
4761,4682,905
4762,4683,627
4763,4683,910
4764,4684,909
4765,4685,911
4766,4686,884
4767,4687,912
4768,4688,39
4769,4689,572
4770,4690,890
4771,4691,913
4772,4692,453
4773,4693,798
4774,4694,899
4775,4695,898
4776,4696,878
4777,4697,915
4778,4698,881
4779,4699,877
4780,4700,870
4781,4701,863
4782,4702,888
4783,4703,842
4784,4704,791
4785,4705,786
4786,4706,893
4787,4707,717
4788,4708,719
4789,4709,906
4790,4710,873
4791,4711,715
4792,4712,783
4793,4713,874
4795,4715,794
4796,4716,839
4797,4717,105
4798,4718,916
4799,4719,917
4801,4721,627
4802,4722,810
4803,4723,725
4804,4724,915
4805,4725,878
4806,4726,898
4807,4727,909
4808,4728,910
4810,4730,715
4811,4731,906
4812,4732,874
4813,4733,794
4814,4734,873
4815,4735,717
4816,4736,795
4817,4737,719
4818,4738,786
4819,4739,580
4820,4740,787
4821,4741,510
4822,4742,912
4823,4743,791
4824,4744,863
4825,4745,872
4826,4746,793
4827,4747,715
4828,4748,919
4829,4749,921
4830,4750,810
4831,4751,923
4832,4752,627
4833,4753,924
4834,4754,804
4835,4754,572
4836,4755,176
4837,4756,724
4838,4757,578
4839,4758,787
4840,4759,791
4841,4760,569
4842,4761,786
4843,4762,580
4844,4763,842
4845,4764,793
4846,4765,627
4847,4766,810
4848,4767,863
4849,4768,627
4850,4769,634
4851,4770,783
4852,4771,874
4853,4772,873
4854,4773,719
4855,4774,794
4856,4775,715
4857,4776,906
4858,4777,717
4859,4778,878
4860,4779,910
4861,4780,898
4862,4781,918
4863,4782,915
4864,4783,928
4865,4784,872
4866,4785,627
4867,4786,572
4868,4787,931
4869,4787,930
4870,4788,932
4871,4788,929
4872,4789,890
4873,4790,878
4875,4791,572
4876,4792,176
4877,4793,877
4878,4793,915
4879,4794,934
4880,4795,918
4881,4796,899
4882,4797,863
4883,4798,791
4884,4799,646
4885,4800,887
4886,4801,578
4887,4802,569
4888,4803,105
4889,4804,492
4890,4805,715
4891,4806,783
4892,4807,634
4893,4808,794
4894,4809,874
4895,4810,719
4896,4811,873
4897,4812,717
4899,4814,918
4900,4814,898
4901,4815,694
4902,4816,721
4903,4817,889
4905,4819,937
4906,4820,804
4907,4821,939
4908,4822,906
4909,4823,888
4910,4824,940
4911,4825,941
4912,4826,646
4913,4827,791
4914,4828,870
4915,4829,793
4916,4830,872
4917,4831,580
4918,4832,787
4919,4833,863
4920,4834,634
4921,4835,874
4922,4836,794
4924,4838,906
4925,4839,717
4926,4840,715
4927,4841,719
4928,4842,795
4929,4843,627
4930,4844,810
4931,4845,878
4932,4846,910
4933,4847,898
4934,4848,915
4935,4849,942
4937,4851,869
4938,4852,572
4939,4853,578
4940,4854,872
4941,4855,791
4942,4856,105
4944,4858,943
4945,4859,569
4946,4860,786
4947,4861,717
4948,4862,715
4949,4863,794
4950,4864,906
4951,4865,783
4952,4866,874
4953,4867,873
4954,4868,719
4955,4869,634
4957,4871,870
4959,4873,898
4960,4874,492
4961,4874,627
4962,4875,915
4963,4876,878
4964,4877,704
4965,4878,946
4966,4879,944
4967,4880,951
4968,4881,949
4969,4882,948
4970,4883,956
4971,4883,954
4972,4883,955
4973,4884,721
4974,4885,940
4975,4886,881
4976,4887,887
4977,4888,958
4978,4888,959
4979,4889,39
4980,4890,627
4981,4891,893
4983,4893,627
4984,4894,724
4985,4894,839
4989,4540,882
5251,4923,996
5325,4922,1003
5368,4934,664
5433,4898,1010
5442,4930,981
5453,4908,1000
5460,4911,1002
5464,4931,1012
5465,4899,878
5466,4906,1023
5467,4913,1026
5468,4900,1015
5471,4935,39
5472,4902,1042
5474,4921,1019
5475,4905,798
5476,4904,1035
5478,4907,865
5479,4925,912
5480,4928,1013
5481,4929,999
5483,4910,1038
5484,4909,1024
5485,4924,1001
5487,4914,634
5488,4915,996
5489,4916,715
5490,4917,719
5491,4919,1003
5492,4912,1017
5493,4912,1043
5494,4918,987
5505,3901,1042
5506,4818,1042
5510,3695,1042
5513,3761,1042
5514,4074,1042
5518,4896,965
5523,4937,1015
5526,4938,664
5529,4927,664
5531,4926,1040
5546,4897,981
5562,4957,1003
5569,4903,1039
5627,4933,1036
5628,4933,1037
5792,4977,996
5795,4976,1003
5840,4969,987
5854,4962,1010
5863,4970,1012
5869,4968,987
5871,4978,664
5877,4973,1057
5894,4975,995
5895,4949,1002
5897,4956,1060
5898,4953,1054
5899,4954,1051
5900,4971,1052
5901,4955,719
5903,4952,634
5904,4961,653
5905,4960,1043
5906,4972,569
5907,4939,1014
5913,4979,1022
5914,4948,872
5916,4964,511
5919,4950,1059
5921,4943,999
5922,4967,1037
5923,4967,1015
5924,4951,1058
5925,4980,39
5926,4944,1076
5927,4981,1013
5928,4982,1022
5938,4987,998
6145,5013,996
6148,5016,1003
6205,5017,1002
6259,5005,1083
6262,5007,1045
6264,5012,664
6267,4989,987
6288,5020,39
6289,5003,901
6295,4986,1038
6298,4983,1022
6300,4985,1013
6301,5014,1077
6302,4984,1084
6310,4992,878
6311,4996,1003
6312,5018,996
6314,4998,719
6315,4997,1052
6316,4999,1060
6317,5000,634
6332,5004,1019
6334,3579,482
6335,4991,1017
6344,5001,1010
6347,5002,1000
6348,4995,998
6349,5015,1040
6350,5006,1082
6357,4994,1023
6370,4338,846
6374,4988,627
6375,4988,1012
6512,4260,511
6662,5064,996
6670,5065,1003
6796,5067,981
6811,5027,653
6814,5031,1042
6824,5058,995
6829,5062,664
6852,5063,987
6853,5059,981
6866,5021,1014
6873,5034,1043
6875,5060,1087
6880,5045,39
6882,5043,1059
6883,5036,1058
6884,5023,634
6886,5035,719
6887,5037,1089
6888,5029,1054
6889,5033,1086
6890,5042,1088
6891,5039,1091
6894,5071,981
6897,5057,1022
6898,5047,1000
6902,5066,1077
6908,5054,1010
6909,5056,878
6911,5055,1057
6912,5022,1012
6925,4993,1037
6932,5048,1093
6933,2348,965
6934,2371,965
6935,2419,965
6936,2456,965
6937,2505,965
6938,2550,965
6939,2581,965
6940,2582,965
6941,2621,965
6942,2668,965
6943,2715,965
6944,2742,965
6945,2791,965
6946,2835,965
6947,2874,965
6948,2923,965
6949,2955,965
6950,3043,965
6951,3118,965
6952,3173,965
6953,3206,965
6955,3860,965
6957,3967,965
6958,3978,965
6959,3994,965
6960,4147,965
6961,4232,965
6962,4549,965
6963,4576,965
6964,4618,965
6965,4630,965
6967,4850,965
6975,5024,1048
6983,5070,664
6984,5070,511
6987,4892,960
6988,5069,965
6989,5053,627
6992,5061,1002
6993,5041,829
6995,5028,1003
6996,5032,1053
6997,5052,872
7003,5026,1037
7022,4642,965
7063,5068,822
7135,4958,1048
7216,5101,996
7218,5112,1003
7255,5111,664
7305,5114,981
7333,5113,981
7344,5080,1095
7346,5085,1010
7347,5087,1012
7354,5097,1054
7355,5098,719
7358,5088,1045
7359,5089,1019
7365,5084,1014
7367,5102,1097
7368,5104,999
7370,5109,1002
7372,5077,1015
7410,5108,1023
7412,5073,1084
7413,5072,998
7414,5078,1000
7416,5091,1096
7417,5092,741
7418,5115,39
7420,5086,1022
7421,5096,634
7422,5094,1086
7423,5095,1094
7424,5099,996
7425,5100,1088
7429,5074,925
7431,5081,987
7433,5105,1001
7498,5075,627
7668,5146,664
7689,5150,1003
7733,5147,996
7770,5153,965
7772,5119,1103
7780,5117,1099
7781,5135,878
7791,5154,39
7792,5152,1095
7797,5142,999
7798,5143,1084
7801,5149,1102
7802,5148,1104
7803,5151,1002
7805,5126,1052
7807,5128,1094
7809,5130,1058
7811,5132,1088
7812,5133,996
7814,5123,970
7815,5124,829
7817,5137,1037
7819,5125,1003
7820,5127,1086
7821,5129,1091
7822,5131,634
7823,5134,1059
7827,5118,1057
7828,5138,1048
7829,5116,1099
7850,5136,1012
7856,5141,1022
7858,5145,998
7859,5140,1013
8014,5188,1003
8015,5187,996
8071,5164,1052
8079,5166,664
8083,5176,1019
8125,5191,981
8126,5168,987
8138,5172,1012
8140,5175,653
8142,5182,1013
8146,5184,1104
8147,5179,1022
8148,5165,1084
8152,5178,1079
8153,5189,1002
8154,5160,1054
8156,5162,1089
8157,5163,634
8162,5158,1003
8163,5161,996
8164,5190,1003
8165,5159,1091
8166,5156,1095
8167,5169,1015
8168,5192,39
8170,5171,704
8171,5177,664
8174,5155,1000
8175,5173,1045
8177,5174,1043
8178,5157,998
8180,5193,1034
8181,3894,965
8182,3894,503
8183,3713,965
8225,5220,1014
8373,5219,1003
8374,5227,996
8402,5195,1052
8425,5221,1002
8432,5231,664
8485,5236,981
8490,5212,987
8492,5209,1108
8493,5211,1014
8495,5197,1021
8504,5201,1058
8505,5202,634
8507,5198,1003
8508,5196,1094
8509,5199,1089
8510,5203,1088
8513,5223,829
8520,5218,912
8521,5228,569
8522,5229,1022
8525,5206,1110
8526,5207,1112
8529,5200,719
8530,5234,996
8532,5210,1015
8533,5213,1076
8534,5214,999
8535,5194,803
8540,5204,1113
8541,5222,72
8542,5208,1037
8544,5230,798
8547,5167,1023
8548,5232,1048
8549,5237,39
8550,5225,1019
8561,5233,664
8564,5238,1012
